player_id,player_url,short_name,long_name,age,nationality_name,player_positions,overall,pace,shooting,passing,dribbling,defending,physic,attacking_finishing,attacking_short_passing,skill_ball_control,movement_acceleration,movement_sprint_speed,movement_reactions,power_shot_power,power_stamina,power_strength,mentality_positioning,mentality_vision,mentality_composure,defending_marking_awareness,defending_standing_tackle,defending_sliding_tackle,goalkeeping_diving,goalkeeping_handling,goalkeeping_kicking,goalkeeping_positioning,goalkeeping_reflexes,goalkeeping_speed,preferred_foot,weak_foot,skill_moves,work_rate,player_traits,ls,st,rs,lw,lf,cf,rf,rw,lam,cam,ram,lm,lcm,cm,rcm,rm,lwb,ldm,cdm,rdm,rwb,lb,lcb,cb,rcb,rb,gk,image_url,rarity,required_xp,price
239085,/player/239085/erling-haaland/240002,E. Haaland,Erling Braut Haaland,22,Norway,ST,91,89,93,66,80,45,88,96,77,82,82,94,94,94,76,93,96,74,87,38,47,29,7,14,13,11,7,,Left,3,3,High/Medium,"Acrobatic +, Power Header, Quick Step",90+3,90+3,90+3,82,86,86,86,82,82+3,82+3,82+3,79+3,74+3,74+3,74+3,79+3,62+3,63+3,63+3,63+3,62+3,60+3,62+3,62+3,62+3,60+3,19+3,./game/erling-haaland.png,Legendary,550,22000
192985,/player/192985/kevin-de-bruyne/240002,K. De Bruyne,Kevin De Bruyne,32,Belgium,"CM, CAM",91,72,88,94,87,65,78,85,94,92,72,72,92,92,88,74,88,95,88,66,70,53,15,13,5,10,13,,Right,5,4,High/Medium,"Pinged Pass +, Dead Ball, Incisive Pass, Long Ball Pass, Whipped Cross, Trivela",83+3,83+3,83+3,87,88,88,88,87,89+2,89+2,89+2,88+3,90+1,90+1,90+1,88+3,79+3,80+3,80+3,80+3,79+3,75+3,70+3,70+3,70+3,75+3,21+3,./game/kevin-de-bruyne.png,Legendary,500,27000
231866,/player/231866/rodrigo-hernandez-cascante/240002,Rodri,Rodrigo Hernández Cascante,27,Spain,"CDM, CM",89,58,73,80,80,85,84,64,89,88,54,62,89,91,89,83,75,82,85,88,87,78,10,10,7,14,8,,Right,4,3,Medium/High,"Power Shot +, Long Ball Pass, Bruiser",77+3,77+3,77+3,76,79,79,79,76,80+3,80+3,80+3,78+3,85+3,85+3,85+3,78+3,80+3,87+3,87+3,87+3,80+3,80+3,84+3,84+3,84+3,80+3,19+3,./game/rodrigo-hernandez-cascante.png,Epic,400,18000
239818,/player/239818/ruben-santos-gato-alves-dias/240002,Rúben Dias,Rúben dos Santos Gato Alves Dias,26,Portugal,CB,89,62,39,66,69,89,87,29,83,75,54,69,89,74,78,90,39,51,81,91,91,87,7,8,13,7,12,,Right,4,2,Medium/High,"Bruiser +, Power Header, Block, Aerial",61+3,61+3,61+3,60,61,61,61,60,62+3,62+3,62+3,64+3,70+3,70+3,70+3,64+3,78+3,83+3,83+3,83+3,78+3,80+3,88+2,88+2,88+2,80+3,18+3,./game/ruben-santos-gato-alves-dias.png,Epic,400,18000
210257,/player/210257/ederson-santana-de-moraes/230002,Ederson,Ederson Santana de Moraes,28,Brazil,GK,89,,,,,,,14,61,40,64,63,88,70,41,78,20,70,70,29,15,8,87,82,93,88,88,64,Left,3,1,Medium/Medium,"Long Passer (AI), Rushes Out Of Goal, Comes For Crosses",40+3,40+3,40+3,41,43,43,43,41,47+3,47+3,47+3,44+3,49+3,49+3,49+3,44+3,37+3,44+3,44+3,44+3,37+3,36+3,35+3,35+3,35+3,36+3,87+3,./game/ederson-santana-de-moraes.png,Epic,450,21000
218667,/player/218667/bernardo-mota-carvalho-e-silva/240002,Bernardo Silva,Bernardo Mota Veiga de Carvalho e Silva,28,Portugal,"CM, RW",88,69,78,86,92,70,69,78,91,91,78,61,89,79,93,54,85,87,89,70,76,60,9,10,14,12,9,,Left,3,4,High/High,"Technical +, Tiki Taka, Flair, Relentless, Trivela",78+3,78+3,78+3,85,84,84,84,85,87+1,87+1,87+1,86+2,87+1,87+1,87+1,86+2,80+3,80+3,80+3,80+3,80+3,76+3,70+3,70+3,70+3,76+3,19+3,./game/bernardo-mota-carvalho-e-silva.png,Epic,450,17000
237692,/player/237692/phil-foden/240002,P. Foden,Philip Foden,23,England,"LW, RW",85,81,79,82,88,57,60,81,86,90,86,77,81,83,83,47,83,84,81,60,59,47,8,15,6,10,13,,Left,3,4,High/High,"Technical, Flair, First Touch",77+3,77+3,77+3,84,84,84,84,84,85+3,85+3,85+3,84+3,82+3,82+3,82+3,84+3,73+3,71+3,71+3,71+3,73+3,69+3,60+3,60+3,60+3,69+3,19+3,./game/phil-foden.png,Rare,300,13000
203574,/player/203574/john-stones/240002,J. Stones,John Stones,29,England,"CB, RB",85,72,52,75,77,85,77,54,86,84,67,76,86,55,74,77,52,78,87,86,86,84,7,15,11,10,8,,Right,4,3,High/Medium,Long Throw,68+2,68+2,68+2,71,71,71,71,71,74+2,74+2,74+2,74+2,78+2,78+2,78+2,74+2,80+2,83+2,83+2,83+2,80+2,81+2,84+2,84+2,84+2,81+2,18+2,./game/john-stones.png,Rare,300,13000
206517,/player/206517/jack-grealish/240002,J. Grealish,Jack Grealish,27,England,"LW, LM",85,76,76,84,88,53,73,76,85,90,79,74,84,76,83,71,82,87,88,58,54,48,11,6,11,10,13,,Right,3,4,High/High,"Press Proven +, Finesse Shot, Flair, First Touch",77+3,77+3,77+3,84,83,83,83,84,85,85,85,84+1,82+3,82+3,82+3,84+1,71+3,70+3,70+3,70+3,71+3,67+3,61+3,61+3,61+3,67+3,18+3,./game/jack-grealish.png,Rare,300,13000
188377,/player/188377/kyle-walker/230002,K. Walker,Kyle Walker,32,England,RB,85,91,63,77,78,80,82,51,80,81,87,94,85,86,86,80,68,69,75,76,84,83,12,6,16,15,8,,Right,2,3,High/High,"Long Throw-in, Speed Dribbler (AI)",74+3,74+3,74+3,76,76,76,76,76,75+3,75+3,75+3,78+3,78+3,78+3,78+3,78+3,82+3,81+3,81+3,81+3,82+3,82+3,81+3,81+3,81+3,82+3,19+3,./game/kyle-walker.png,Rare,300,14000
251517,/player/251517/josko-gvardiol/240002,J. Gvardiol,Joško Gvardiol,21,Croatia,"CB, LB",82,78,54,69,74,82,83,42,76,76,80,76,79,76,79,83,58,65,75,81,84,84,5,8,6,9,11,,Left,4,3,High/High,"Block +, Power Header, Incisive Pass, Long Ball Pass, Jockey",67+3,67+3,67+3,68,69,69,69,68,69+3,69+3,69+3,71+3,73+3,73+3,73+3,71+3,77+3,79+3,79+3,79+3,77+3,79+3,82+3,82+3,82+3,79+3,16+3,./game/josko-gvardiol.png,Uncommon,250,5000
229237,/player/229237/manuel-akanji/240002,M. Akanji,Manuel Obafemi Akanji,27,Switzerland,CB,82,77,48,70,72,83,78,38,82,75,75,79,82,75,71,80,37,65,78,83,85,82,10,9,13,6,9,,Right,4,2,Medium/Medium,Slide Tackle,63+2,63+2,63+2,65,65,65,65,65,67+2,67+2,67+2,68+2,72+2,72+2,72+2,68+2,77+2,80+2,80+2,80+2,77+2,78+2,82+1,82+1,82+1,78+2,17+2,./game/manuel-akanji.png,Uncommon,250,7000
207410,/player/207410/mateo-kovacic/240002,M. Kovačić,Mateo Kovačić,29,Croatia,"CM, CDM",82,69,69,82,87,71,70,61,89,88,76,64,83,78,75,65,73,82,84,73,75,68,9,5,6,7,7,,Right,4,4,High/High,"Incisive Pass +, Pinged Pass, Flair, Press Proven",72+3,72+3,72+3,79,78,78,78,79,82,82,82,80+2,82,82,82,80+2,77+3,79+3,79+3,79+3,77+3,74+3,71+3,71+3,71+3,74+3,15+3,./game/mateo-kovacic.png,Uncommon,250,7000
208920,/player/208920/nathan-ake/240002,N. Aké,Nathan Aké,28,Netherlands,"CB, LB",81,75,53,72,74,82,77,48,81,78,78,72,81,64,71,78,51,66,78,83,84,82,10,7,7,16,10,,Left,3,2,Medium/High,,66+3,66+3,66+3,69,68,68,68,69,70+3,70+3,70+3,71+3,73+3,73+3,73+3,71+3,77+3,79+3,79+3,79+3,77+3,78+3,81+1,81+1,81+1,78+3,18+3,./game/nathan-ake.png,Uncommon,250,7000
246191,/player/246191/julian-alvarez/240002,J. Álvarez,Julián Álvarez,23,Argentina,"ST, CF, CAM",80,79,81,76,83,55,76,82,76,84,81,77,80,84,79,70,82,78,82,60,53,46,6,10,8,15,6,,Right,4,4,High/High,"Flair, Press Proven",80+2,80+2,80+2,80,81,81,81,80,80+2,80+2,80+2,80+2,76+2,76+2,76+2,80+2,68+2,67+2,67+2,67+2,68+2,65+2,63+2,63+2,63+2,65+2,17+2,./game/julian-alvarez.png,Uncommon,150,6000
253124,/player/253124/matheus-luiz-nunes/240002,Matheus Nunes,Matheus Luiz Nunes,24,Portugal,"CM, LM",79,83,71,74,81,73,77,71,80,82,79,86,81,77,83,74,79,77,80,75,75,74,13,10,12,12,13,,Right,3,3,High/Medium,Press Proven,75+2,75+2,75+2,78,79,79,79,78,79+2,79+2,79+2,78+2,79+2,79+2,79+2,78+2,77+2,78+2,78+2,78+2,77+2,76+2,74+2,74+2,74+2,76+2,20+2,./game/matheus-luiz-nunes.png,Common,150,4000
224081,/player/224081/kalvin-phillips/230002,K. Phillips,Kalvin Phillips,26,England,"CDM, CM",81,66,65,77,76,79,82,62,82,80,69,64,77,75,85,78,66,75,79,80,82,80,8,8,8,12,14,,Right,3,3,Medium/High,"Dives Into Tackles (AI), Long Passer (AI), Team Player",70+2,70+2,70+2,72,72,72,72,72,74+2,74+2,74+2,74+2,78+2,78+2,78+2,74+2,78+2,80+2,80+2,80+2,78+2,77+2,79+2,79+2,79+2,77+2,18+2,./game/kalvin-phillips.png,Uncommon,200,9000
200159,/player/200159/stefan-ortega/230002,S. Ortega,Stefan Ortega Moreno,29,Germany,GK,80,,,,,,,15,40,38,51,53,80,65,33,73,10,66,59,29,12,15,76,74,86,80,85,52,Right,4,1,Medium/Medium,"Rushes Out Of Goal, Saves with Feet",35+2,35+2,35+2,34,37,37,37,34,39+2,39+2,39+2,37+2,41+2,41+2,41+2,37+2,33+2,38+2,38+2,38+2,33+2,32+2,33+2,33+2,33+2,32+2,79+1,./game/stefan-ortega.png,Uncommon,250,9000
246420,/player/246420/jeremy-doku/240002,J. Doku,Jérémy Doku,21,Belgium,"RM, RW",77,91,67,68,82,25,65,70,73,77,94,89,74,74,63,68,72,71,72,22,28,25,11,10,8,9,12,,Right,3,4,Medium/Medium,"Rapid, Flair, Trickster, Quick Step",71+3,71+3,71+3,77,75,75,75,77,75+3,75+3,75+3,76+3,66+3,66+3,66+3,76+3,55+3,51+3,51+3,51+3,55+3,50+3,42+3,42+3,42+3,50+3,17+3,./game/jeremy-doku.png,Common,150,4000
234777,https://sofifa.com/player/234777/zack-steffen/220002,Z. Steffen,Zack Steffen,26,United States,GK,77,,,,,,,9,52,31,54,52,72,56,39,69,9,58,56,13,12,12,78,73,74,72,83,53,Right,3,1,Medium/Medium,"Rushes Out Of Goal, Saves with Feet",31+2,31+2,31+2,32,34,34,34,32,38+2,38+2,38+2,35+2,39+2,39+2,39+2,35+2,30+2,35+2,35+2,35+2,30+2,29+2,29+2,29+2,29+2,29+2,76+2,./game/zack-steffen.png,Common,100,2000
241811,/player/241811/sergio-gomez-martin/240002,Sergio Gómez,Sergio Gómez Martín,22,Spain,LB,74,69,70,75,77,69,65,67,74,75,76,63,73,72,75,58,72,76,73,70,72,70,11,7,9,11,10,,Left,3,4,High/Medium,Flair,68+2,68+2,68+2,74,72,72,72,74,74+2,74+2,74+2,74+2,73+2,73+2,73+2,74+2,73+2,72+2,72+2,72+2,73+2,72+2,67+2,67+2,67+2,72+2,17+2,./game/sergio-gomez-martin.png,Basic,50,1000
271574,/player/271574/rico-lewis/240002,R. Lewis,Rico Lewis,18,England,"RB, CDM",73,74,43,67,72,70,59,44,76,74,73,75,74,46,69,51,55,62,68,71,73,70,11,8,11,12,13,,Right,3,3,High/Medium,Block,58+2,58+2,58+2,66,64,64,64,66,66+2,66+2,66+2,68+2,67+2,67+2,67+2,68+2,71+2,70+2,70+2,70+2,71+2,71+2,68+2,68+2,68+2,71+2,18+2,./game/rico-lewis.png,Basic,50,1000
253715,/player/253715/dario-sarmiento/240002,D. Sarmiento,Darío Ariel Sarmiento,20,Argentina,"RW, LW",67,77,62,61,74,39,42,63,62,69,82,73,55,69,52,35,60,62,65,45,30,35,7,12,7,9,10,,Left,3,3,High/Medium,Rapid,62+2,62+2,62+2,67,65,65,65,67,65+2,65+2,65+2,66+2,59+2,59+2,59+2,66+2,54+2,49+2,49+2,49+2,54+2,51+2,43+2,43+2,43+2,51+2,14+2,./game/dario-sarmiento.png,Basic,100,2000
262981,/player/262981/lewis-fiorini/240002,L. Fiorini,Lewis Fiorini,21,Scotland,CM,65,68,60,61,68,56,61,57,66,66,71,66,63,60,75,55,62,66,65,53,58,54,9,8,15,12,10,,Right,3,3,High/Medium,Long Ball Pass,61+2,61+2,61+2,64,64,64,64,64,66+2,66+2,66+2,64+2,65+2,65+2,65+2,64+2,62+2,62+2,62+2,62+2,62+2,60+2,57+2,57+2,57+2,60+2,16+2,./game/lewis-fiorini.png,Basic,100,0
157804,https://sofifa.com/player/157804/scott-carson/200002,S. Carson,Scott Carson,33,England,GK,72,,,,,,,19,25,20,33,37,71,52,28,70,11,44,38,10,15,20,71,70,69,72,70,35,Right,3,1,Medium/Medium,Solid Player,30+2,30+2,30+2,26,28,28,28,26,28+2,28+2,28+2,26+2,27+2,27+2,27+2,26+2,25+2,26+2,26+2,26+2,25+2,25+2,27+2,27+2,27+2,25+2,71+1,./game/scott-carson.png,Basic,50,2000
277295,/player/277295/oscar-bobb/240002,O. Bobb,Oscar Bobb,19,Norway,RW,64,80,59,59,68,31,40,60,63,66,84,76,55,61,50,36,56,58,61,26,34,31,11,12,9,15,8,,Left,3,4,Medium/Medium,"Pinged Pass, Technical, Flair",60+2,60+2,60+2,64,63,63,63,64,63+2,63+2,63+2,63+2,55+2,55+2,55+2,63+2,50+2,44+2,44+2,44+2,50+2,47+2,38+2,38+2,38+2,47+2,16+2,./game/oscar-bobb.png,Basic,100,1000
261621,/player/261621/luke-mbete/240002,L. Mbete,Luke Mbete-Tatu,19,England,CB,62,70,32,48,58,59,71,27,62,60,67,73,58,49,67,73,30,38,57,59,60,55,6,14,10,9,7,,Left,3,2,Medium/High,Long Throw,48+2,48+2,48+2,50,49,49,49,50,50+2,50+2,50+2,53+2,53+2,53+2,53+2,53+2,58+2,60+2,60+2,60+2,58+2,59+2,62+2,62+2,62+2,59+2,14+2,./game/luke-mbete.png,Basic,100,1000
277427,/player/277427/nico-oreilly/240002,N. O'Reilly,Nico O'Reilly,18,England,"CAM, CM",61,69,56,58,65,45,59,55,60,67,64,73,55,59,48,67,57,58,60,46,46,41,7,13,8,7,12,,Left,2,3,Medium/Medium,"Flair, Acrobatic",59+2,59+2,59+2,61,61,61,61,61,61+2,61+2,61+2,61+2,58+2,58+2,58+2,61+2,53+2,53+2,53+2,53+2,53+2,52+2,51+2,51+2,51+2,52+2,15+2,./game/nico-oreilly.png,Basic,100,1000
263955,/player/263955/ben-knight/240002,B. Knight,Ben Knight,21,England,RW,60,67,57,52,68,28,38,59,53,65,72,62,43,64,41,36,54,58,52,22,29,30,12,9,6,10,11,,Left,3,3,Medium/Medium,Technical,56+2,56+2,56+2,60,59,59,59,60,59+2,59+2,59+2,58+2,51+2,51+2,51+2,58+2,45+2,40+2,40+2,40+2,45+2,42+2,35+2,35+2,35+2,42+2,14+2,./game/ben-knight.png,Basic,100,1000
210514,/player/210514/joao-pedro-cavaco-cancelo/230002,João Cancelo,João Pedro Cavaco Cancelo,28,Portugal,"LB, RB",88,85,73,85,85,81,73,69,88,87,86,84,85,80,91,62,81,85,86,81,84,80,6,9,15,14,14,,Right,4,4,High/Medium,"Early Crosser, Long Shot Taker (AI), Outside Foot Shot, Technical Dribbler (AI)",78+3,78+3,78+3,84,83,83,83,84,84+3,84+3,84+3,85+3,84+3,84+3,84+3,85+3,85+3,83+3,83+3,83+3,85+3,84+3,79+3,79+3,79+3,84+3,19+3,./game/joao-pedro-cavaco-cancelo.png,Epic,450,21000
212218,https://sofifa.com/player/212218/aymeric-laporte/210002,A. Laporte,Aymeric Laporte,26,France,CB,87,63,50,72,68,88,81,45,82,78,60,65,87,68,72,85,54,65,85,89,89,88,10,11,5,14,5,,Left,3,2,Medium/Medium,Long Passer (AI),66+2,66+2,66+2,65,66,66,66,65,68+2,68+2,68+2,68+2,74+2,74+2,74+2,68+2,78+2,83+2,83+2,83+2,78+2,80+2,86+2,86+2,86+2,80+2,18+2,./game/aymeric-laporte.png,Epic,400,20000
204485,/player/204485/riyad-mahrez/230002,R. Mahrez,Riyad Mahrez,31,Algeria,"RW, RM",86,80,83,81,90,38,60,84,83,90,84,77,83,84,75,57,83,83,83,45,31,22,15,9,13,11,6,,Left,4,5,Medium/Medium,"Finesse Shot, Flair, Long Shot Taker (AI), Technical Dribbler (AI)",80+3,80+3,80+3,85,85,85,85,85,85+1,85+1,85+1,84+2,78+3,78+3,78+3,84+2,64+3,61+3,61+3,61+3,64+3,59+3,49+3,49+3,49+3,59+3,18+3,./game/riyad-mahrez.png,Rare,350,15000
186942,/player/186942/ilkay-gundogan/230002,İ. Gündoğan,İlkay Gündoğan,31,Germany,"CM, CDM",85,64,80,85,85,72,72,81,88,90,66,63,86,79,74,73,83,86,87,76,75,67,11,14,5,5,13,,Right,4,4,High/Medium,"Injury Prone, Leadership, Long Shot Taker (AI), Playmaker (AI), Technical Dribbler (AI)",78+3,78+3,78+3,82,82,82,82,82,84+1,84+1,84+1,82+3,84+1,84+1,84+1,82+3,77+3,80+3,80+3,80+3,77+3,75+3,72+3,72+3,72+3,75+3,19+3,./game/ilkay-gundogan.png,Rare,350,11000
257534,/player/257534/cole-palmer/230002,C. Palmer,Cole Palmer,20,England,"RW, CAM, CF",67,76,65,62,70,45,57,69,64,69,74,77,58,69,63,57,59,63,65,48,47,46,7,6,10,14,14,,Left,3,4,Medium/Medium,Technical Dribbler (AI),63+2,63+2,63+2,67,66,66,66,67,66+2,66+2,66+2,66+2,62+2,62+2,62+2,66+2,57+2,55+2,55+2,55+2,57+2,55+2,50+2,50+2,50+2,55+2,15+2,./game/cole-palmer.png,Basic,50,2000
260247,/player/260247/morgan-rogers/230002,M. Rogers,Morgan Elliot Rogers,19,England,"LW, RW",66,75,65,60,66,40,65,65,64,65,69,79,59,70,67,74,62,64,60,40,42,39,7,8,13,11,14,,Right,4,3,High/Medium,"Flair, Long Passer (AI), Long Shot Taker (AI), Playmaker (AI), Technical Dribbler (AI)",64+2,64+2,64+2,66,65,65,65,66,64+2,64+2,64+2,65+2,60+2,60+2,60+2,65+2,55+2,52+2,52+2,52+2,55+2,53+2,48+2,48+2,48+2,53+2,16+2,./game/morgan-rogers.png,Basic,50,1000
259677,/player/259677/alex-robertson/230002,A. Robertson,Alexander Robertson,19,England,CM,58,67,47,57,61,50,50,36,67,62,69,66,60,64,53,42,63,49,51,50,49,57,12,8,14,5,5,,Right,3,2,Medium/Medium,,56+2,56+2,56+2,57,58,58,58,57,59+2,59+2,59+2,59+2,58+2,58+2,58+2,59+2,55+2,56+2,56+2,56+2,55+2,55+2,53+2,53+2,53+2,55+2,14+2,./game/alex-robertson.png,Basic,50,1000
264681,/player/264681/joshua-wilson-esbrand/230002,J. Wilson-Esbrand,Joshua Wilson-Esbrand,19,England,LB,58,75,32,45,59,54,54,28,46,50,77,73,55,34,56,51,53,43,44,50,59,58,5,15,12,5,8,,Left,3,2,High/Medium,,47+2,47+2,47+2,53,50,50,50,53,50+2,50+2,50+2,54+2,48+2,48+2,48+2,54+2,56+2,51+2,51+2,51+2,56+2,56+2,54+2,54+2,54+2,56+2,14+2,./game/joshua-wilson-esbrand.png,Basic,100,0
202652,https://sofifa.com/player/202652/raheem-sterling/220002,R. Sterling,Raheem Sterling,26,England,"LW, RW",88,91,82,79,87,45,66,85,83,86,95,88,90,78,79,64,91,82,78,47,53,47,15,12,12,15,9,,Right,3,4,High/Medium,"Flair, Speed Dribbler (AI)",81+3,81+3,81+3,87,86,86,86,87,86+3,86+3,86+3,85+3,78+3,78+3,78+3,85+3,69+3,64+3,64+3,64+3,69+3,65+3,55+3,55+3,55+3,65+3,21+3,./game/raheem-sterling.png,Epic,400,18000
230666,https://sofifa.com/player/230666/gabriel-fernando-de-jesus/220002,Gabriel Jesus,Gabriel Fernando de Jesus,24,Brazil,ST,83,84,81,72,86,39,73,84,77,86,87,82,86,82,79,69,87,77,79,45,30,28,13,8,6,6,15,,Right,3,4,High/Medium,"Flair, Chip Shot (AI), Technical Dribbler (AI)",83+2,83+2,83+2,82,83,83,83,82,82+2,82+2,82+2,81+2,74+2,74+2,74+2,81+2,62+2,60+2,60+2,60+2,62+2,58+2,54+2,54+2,54+2,58+2,19+2,./game/gabriel-fernando-de-jesus.png,Uncommon,250,5000
135507,https://sofifa.com/player/135507/fernando-luiz-rosa/200002,Fernandinho,Fernando Luiz Rosa,34,Brazil,CDM,87,66,74,79,78,84,79,69,86,82,68,64,89,83,79,76,70,78,81,87,86,80,12,11,5,13,7,,Right,4,3,Medium/High,Long Shot Taker (AI),75+3,75+3,75+3,76,77,77,77,76,78+3,78+3,78+3,77+3,82+3,82+3,82+3,77+3,80+3,85+2,85+2,85+2,80+3,80+3,82+3,82+3,82+3,80+3,19+3,./game/fernando-luiz-rosa.png,Epic,400,17000
241461,https://sofifa.com/player/241461/ferran-torres-garcia/220002,Ferran Torres,Ferran Torres García,21,Spain,"RW, ST",82,82,79,78,82,35,66,81,80,81,87,78,81,79,73,70,84,84,82,35,24,28,12,9,11,15,12,,Right,4,4,High/Medium,Technical Dribbler (AI),80+2,80+2,80+2,82,82,82,82,82,82+2,82+2,82+2,81+2,75+2,75+2,75+2,81+2,61+2,58+2,58+2,58+2,61+2,57+2,49+2,49+2,49+2,57+2,20+2,./game/ferran-torres-garcia.png,Uncommon,250,5000
227813,https://sofifa.com/player/227813/oleksandr-zinchenko/220002,O. Zinchenko,Oleksandr Zinchenko,24,Ukraine,"LB, CDM",80,73,65,80,80,77,69,58,82,82,75,71,78,77,76,63,75,78,80,78,79,76,15,11,13,11,11,,Left,3,3,High/Medium,"Flair, Long Shot Taker (AI)",72+2,72+2,72+2,76,76,76,76,76,77+2,77+2,77+2,77+2,78+2,78+2,78+2,77+2,78+2,78+2,78+2,78+2,78+2,78+2,75+2,75+2,75+2,78+2,19+2,./game/oleksandr-zinchenko.png,Uncommon,250,8000
204884,https://sofifa.com/player/204884/benjamin-mendy/210002,B. Mendy,Benjamin Mendy,25,France,LB,81,80,54,77,77,77,77,39,80,78,75,84,80,79,75,79,73,76,79,77,79,80,7,7,9,15,9,,Left,3,3,High/Low,"Injury Prone, Early Crosser, Speed Dribbler (AI)",69+2,69+2,69+2,74,73,73,73,74,74+2,74+2,74+2,76+2,75+2,75+2,75+2,76+2,80+2,77+2,77+2,77+2,80+2,79+2,77+2,77+2,77+2,79+2,17+2,./game/benjamin-mendy.png,Uncommon,200,5000
262053,https://sofifa.com/player/262053/kayky-da-silva-chagas/220002,Kayky,Kayky da Silva Chagas,18,Brazil,RW,66,82,58,57,72,28,45,64,60,71,83,82,49,62,60,43,61,63,58,24,30,31,14,14,13,14,9,,Left,3,3,Medium/Low,Technical Dribbler (AI),60+2,60+2,60+2,66,64,64,64,66,64+2,64+2,64+2,66+2,57+2,57+2,57+2,66+2,50+2,44+2,44+2,44+2,50+2,47+2,36+2,36+2,36+2,47+2,17+2,./game/kayky-da-silva-chagas.png,Basic,50,0
259031,https://sofifa.com/player/259031/liam-delap/220002,L. Delap,Liam Delap,18,England,ST,64,76,64,47,61,24,66,66,50,62,74,78,56,69,60,70,60,52,53,19,21,15,8,9,10,11,10,,Right,4,2,High/Medium,Chip Shot (AI),64+2,64+2,64+2,60,61,61,61,60,58+2,58+2,58+2,58+2,51+2,51+2,51+2,58+2,42+2,40+2,40+2,40+2,42+2,41+2,39+2,39+2,39+2,41+2,15+2,./game/liam-delap.png,Basic,50,2000
259679,https://sofifa.com/player/259679/jayden-braaf/220002,J. Braaf,Jayden Jezairo Braaf,18,Netherlands,"LW, RW",64,83,60,57,66,40,64,58,58,63,82,84,63,69,69,63,61,56,59,43,37,32,8,11,13,14,12,,Right,4,4,High/Medium,"Speed Dribbler (AI), Technical Dribbler (AI)",62+2,62+2,62+2,64,63,63,63,64,62+2,62+2,62+2,63+2,57+2,57+2,57+2,63+2,55+2,51+2,51+2,51+2,55+2,53+2,48+2,48+2,48+2,53+2,17+2,./game/jayden-braaf.png,Basic,100,0
233051,https://sofifa.com/player/233051/luke-bolton/220002,L. Bolton,Luke Bolton,21,England,"RB, RWB, RM",64,81,51,59,64,59,63,52,63,63,82,80,56,56,60,61,58,58,52,59,63,53,12,6,9,11,6,,Right,3,3,High/Medium,"Flair, Speed Dribbler (AI)",58+2,58+2,58+2,63,61,61,61,63,61+2,61+2,61+2,63+2,59+2,59+2,59+2,63+2,62+2,60+2,60+2,60+2,62+2,62+2,60+2,60+2,60+2,62+2,14+2,./game/luke-bolton.png,Basic,50,1000
263620,https://sofifa.com/player/263620/romeo-lavia/220002,R. Lavia,Roméo Lavia,17,Belgium,CDM,62,58,41,52,59,62,59,36,60,66,56,60,63,55,54,58,40,49,44,60,66,68,7,7,5,11,13,,Right,3,2,Medium/High,,51+2,51+2,51+2,52,53,53,53,52,54+2,54+2,54+2,54+2,56+2,56+2,56+2,54+2,58+2,61+2,61+2,61+2,58+2,60+2,62+2,62+2,62+2,60+2,15+2,./game/romeo-lavia.png,Basic,50,0
263953,https://sofifa.com/player/263953/samuel-edozie/220002,S. Edozie,Samuel Edozie,18,England,LW,62,75,55,55,65,28,47,55,56,65,84,67,51,59,48,50,56,55,57,22,31,36,13,11,10,7,9,,Right,2,3,Medium/Medium,,57+2,57+2,57+2,62,60,60,60,62,59+2,59+2,59+2,61+2,53+2,53+2,53+2,61+2,48+2,43+2,43+2,43+2,48+2,45+2,37+2,37+2,37+2,45+2,15+2,./game/samuel-edozie.png,Basic,50,2000
264349,https://sofifa.com/player/264349/james-mcatee/220002,J. McAtee,James McAtee,18,England,CAM,61,63,59,58,66,40,53,60,63,69,56,68,59,62,42,62,52,55,65,44,42,43,12,6,6,10,11,,Right,3,2,High/Medium,,59+2,59+2,59+2,61,61,61,61,61,61+2,61+2,61+2,60+2,58+2,58+2,58+2,60+2,50+2,50+2,50+2,50+2,50+2,49+2,46+2,46+2,46+2,49+2,15+2,./game/james-mcatee.png,Basic,50,2000
243391,https://sofifa.com/player/243391/iker-pozo-la-rosa/220002,Iker Pozo,Iker Pozo La Rosa,20,Spain,CDM,57,66,44,56,56,51,55,39,62,57,65,66,50,55,55,54,45,59,60,51,54,53,9,10,9,7,13,,Right,3,2,Medium/Medium,,49+2,49+2,49+2,53,53,53,53,53,55+2,55+2,55+2,55+2,56+2,56+2,56+2,55+2,54+2,56+2,56+2,56+2,54+2,54+2,52+2,52+2,52+2,54+2,14+2,./game/iker-pozo-la-rosa.png,Basic,50,1000
153079,https://sofifa.com/player/153079/sergio-aguero/210002,S. Agüero,Sergio Leonel Agüero del Castillo,32,Argentina,ST,89,78,90,77,88,33,73,94,83,89,79,78,92,89,78,74,94,83,91,30,29,24,13,15,6,11,14,,Right,4,4,High/Medium,"Injury Prone, Leadership, Chip Shot (AI)",87+2,87+2,87+2,86,88,88,88,86,86+3,86+3,86+3,84+3,77+3,77+3,77+3,84+3,60+3,58+3,58+3,58+3,60+3,56+3,51+3,51+3,51+3,56+3,22+3,./game/sergio-aguero.png,Epic,450,18000
192366,https://sofifa.com/player/192366/nicolas-otamendi/190002,N. Otamendi,Nicolás Hernán Gonzalo Otamendi,30,Argentina,CB,86,60,57,63,59,86,80,54,75,70,59,61,79,69,67,80,51,53,84,85,87,86,12,5,8,11,12,,Right,3,2,High/High,"Injury Free, Dives Into Tackles (AI), Power Header",64+2,64+2,64+2,60,61,61,61,60,62+2,62+2,62+2,61+2,68+2,68+2,68+2,61+2,73+2,79+2,79+2,79+2,73+2,76+2,84+2,84+2,84+2,76+2,17+2,./game/nicolas-otamendi.png,Rare,300,11000
221982,https://sofifa.com/player/221982/patrick-roberts/210002,P. Roberts,Patrick Roberts,23,England,"RW, RM",73,77,66,69,79,27,40,67,73,77,79,75,63,65,56,33,71,75,76,37,18,19,12,7,8,7,12,,Left,3,4,Medium/Medium,"Finesse Shot, Technical Dribbler (AI)",66+2,66+2,66+2,73,72,72,72,73,73+2,73+2,73+2,72+2,65+2,65+2,65+2,72+2,51+2,48+2,48+2,48+2,51+2,47+2,36+2,36+2,36+2,47+2,15+2,./game/patrick-roberts.png,Basic,100,0
228813,https://sofifa.com/player/228813/aleix-garcia-serrano/200002,Aleix García,Aleix García Serrano,22,Spain,CM,74,67,67,74,75,59,57,67,79,77,69,66,70,72,67,52,64,73,72,57,63,57,16,8,9,10,7,,Right,3,3,Medium/Medium,"Long Passer (AI), Long Shot Taker (AI)",67+2,67+2,67+2,71,71,71,71,71,73+2,73+2,73+2,71+2,73+2,73+2,73+2,71+2,67+2,67+2,67+2,67+2,67+2,65+2,60+2,60+2,60+2,65+2,17+2,./game/aleix-garcia-serrano.png,Basic,100,1000
245037,https://sofifa.com/player/245037/eric-garcia-martret/210002,Eric García,Eric García Martret,19,Spain,CB,72,61,34,54,62,73,70,30,69,68,57,65,74,51,68,69,31,48,61,74,74,70,11,9,12,11,7,,Right,3,2,Medium/High,,52+2,52+2,52+2,53,53,53,53,53,55+2,55+2,55+2,56+2,60+2,60+2,60+2,56+2,65+2,69+2,69+2,69+2,65+2,67+2,72+2,72+2,72+2,67+2,17+2,./game/eric-garcia-martret.png,Basic,50,1000
222104,https://sofifa.com/player/222104/tosin-adarabioyo/210002,T. Adarabioyo,Oluwatosin Adarabioyo,22,England,"CB, RB",70,61,31,55,55,70,72,30,73,66,52,68,68,36,68,79,28,44,76,69,70,69,14,11,11,8,9,,Right,3,2,Medium/Medium,Long Passer (AI),49+2,49+2,49+2,50,50,50,50,50,53+2,53+2,53+2,54+2,60+2,60+2,60+2,54+2,64+2,69+2,69+2,69+2,64+2,66+2,70+2,70+2,70+2,66+2,17+2,./game/tosin-adarabioyo.png,Basic,50,0
234679,https://sofifa.com/player/234679/philippe-sandler/210002,P. Sandler,Philippe Sandler,23,Netherlands,CB,69,64,39,62,69,70,68,23,73,70,64,64,62,63,61,73,40,66,73,69,74,68,12,13,15,13,11,,Right,3,2,High/Medium,"Long Throw-in, Injury Prone, Long Passer (AI)",55+2,55+2,55+2,57,59,59,59,57,62+2,62+2,62+2,59+2,66+2,66+2,66+2,59+2,63+2,69+2,69+2,69+2,63+2,64+2,69+2,69+2,69+2,64+2,18+2,./game/philippe-sandler.png,Basic,50,0
233050,https://sofifa.com/player/233050/matt-smith/210002,M. Smith,Matthew Robert Smith,20,Wales,CM,66,74,53,64,69,57,71,55,69,70,72,75,67,54,78,69,64,65,67,59,58,57,13,6,11,12,11,,Right,2,3,High/High,Dives Into Tackles (AI),60+2,60+2,60+2,66,65,65,65,66,66+2,66+2,66+2,68+2,66+2,66+2,66+2,68+2,66+2,65+2,65+2,65+2,66+2,64+2,61+2,61+2,61+2,64+2,17+2,./game/matt-smith.png,Basic,50,0
245035,https://sofifa.com/player/245035/claudio-gomes/200002,C. Gomes,Claudio Gomes,18,France,"CDM, CM",66,67,56,61,63,65,62,56,68,62,68,66,65,63,58,61,43,61,60,65,68,66,10,5,12,12,7,,Right,3,2,Low/High,,59+2,59+2,59+2,60,60,60,60,60,61+2,61+2,61+2,60+2,62+2,62+2,62+2,60+2,63+2,65+2,65+2,65+2,63+2,63+2,65+2,65+2,65+2,63+2,15+2,./game/claudio-gomes.png,Basic,100,1000
233047,https://sofifa.com/player/233047/joel-latibeaudiere/210002,J. Latibeaudiere,Joël Latibeaudiere,20,England,"RB, CB",64,68,37,51,57,63,69,35,57,58,69,68,59,58,67,73,38,45,59,63,65,64,12,7,7,11,6,,Right,3,2,Medium/Medium,,52+2,52+2,52+2,52,51,51,51,52,51+2,51+2,51+2,54+2,53+2,53+2,53+2,54+2,60+2,59+2,59+2,59+2,60+2,62+2,64+2,64+2,64+2,62+2,14+2,./game/joel-latibeaudiere.png,Basic,50,2000
252793,https://sofifa.com/player/252793/taylor-harwood-bellis/210002,T. Harwood-Bellis,Taylor Jay Harwood-Bellis,18,England,CB,61,63,35,49,53,62,61,29,55,58,61,64,57,54,65,59,36,49,57,61,63,62,9,5,10,13,14,,Right,3,2,High/Medium,Long Throw-in,48+2,48+2,48+2,48,49,49,49,48,49+2,49+2,49+2,51+2,53+2,53+2,53+2,51+2,58+2,58+2,58+2,58+2,58+2,59+2,61+2,61+2,61+2,59+2,15+2,./game/taylor-harwood-bellis.png,Basic,50,1000
252794,https://sofifa.com/player/252794/adrian-bernabe-garcia/210002,Adrián Bernabé,Adrián Bernabé García,19,Spain,CAM,61,73,55,56,69,38,48,53,56,69,75,71,54,67,51,48,49,60,66,39,38,36,8,12,9,10,9,,Left,3,3,Medium/Medium,,57+2,57+2,57+2,61,60,60,60,61,61+2,61+2,61+2,61+2,56+2,56+2,56+2,61+2,51+2,48+2,48+2,48+2,51+2,49+2,43+2,43+2,43+2,49+2,15+2,./game/adrian-bernabe-garcia.png,Basic,50,1000
254120,https://sofifa.com/player/254120/tommy-doyle/210002,T. Doyle,Thomas Glyn Doyle,18,England,CM,60,58,47,62,63,51,60,41,69,63,58,58,62,63,63,62,40,64,56,49,56,48,11,10,10,9,14,,Right,4,2,Medium/Medium,,53+2,53+2,53+2,57,56,56,56,57,59+2,59+2,59+2,58+2,60+2,60+2,60+2,58+2,56+2,58+2,58+2,58+2,56+2,55+2,54+2,54+2,54+2,55+2,17+2,./game/tommy-doyle.png,Basic,50,0
168542,https://sofifa.com/player/168542/david-josue-jimenez-silva/190002,David Silva,David Josué Jiménez Silva,32,Spain,"CAM, CM",89,66,74,87,90,50,60,73,92,93,69,64,87,71,78,52,88,92,92,57,50,29,6,15,7,6,12,,Left,2,4,High/Medium,"Avoids Using Weaker Foot, Finesse Shot, Flair, Playmaker (AI), Takes Finesse Free Kicks",77+3,77+3,77+3,84,84,84,84,84,87+2,87+2,87+2,84+3,84+3,84+3,84+3,84+3,68+3,69+3,69+3,69+3,68+3,64+3,56+3,56+3,56+3,64+3,18+3,./game/david-josue-jimenez-silva.png,Epic,400,17000
222492,https://sofifa.com/player/222492/leroy-sane/200002,L. Sané,Leroy Aziz Sané,23,Germany,LW,86,95,81,79,86,38,70,81,80,85,93,96,81,87,78,70,84,82,80,36,32,35,8,12,9,9,14,,Left,3,4,High/Medium,"Power Free-Kick, Flair, Speed Dribbler (AI)",83+3,83+3,83+3,85+1,84+1,84+1,84+1,85+1,83+3,83+3,83+3,84+3,75+3,75+3,75+3,84+3,65+3,59+3,59+3,59+3,65+3,61+3,52+3,52+3,52+3,61+3,18+3,./game/leroy-sane.png,Rare,350,11000
220651,https://sofifa.com/player/220651/jose-angel-esmoris-tasende/200002,Angeliño,José Ángel Esmoris Tasende,22,Spain,LB,79,85,64,79,81,72,78,57,77,80,87,84,79,80,87,74,75,78,67,71,74,73,13,6,13,13,13,,Left,3,4,High/Medium,"Early Crosser, Flair, Long Shot Taker (AI), Technical Dribbler (AI)",72+2,72+2,72+2,78,76,76,76,78,77+2,77+2,77+2,79+2,77+2,77+2,77+2,79+2,79+2,77+2,77+2,77+2,79+2,78+2,73+2,73+2,73+2,78+2,19+2,./game/jose-angel-esmoris-tasende.png,Common,150,4000
174543,https://sofifa.com/player/174543/claudio-bravo/170002,C. Bravo,Claudio Andrés Bravo Muñoz,33,Chile,GK,85,,,,,,,13,32,15,58,54,80,22,44,70,15,71,60,11,18,19,83,85,87,78,85,56,Right,3,1,Medium/Medium,Puncher,28+2,28+2,28+2,31+1,31+1,31+1,31+1,31+1,35+2,35+2,35+2,32+2,35+2,35+2,35+2,32+2,30+2,32+2,32+2,32+2,30+2,30+2,31+2,31+2,31+2,30+2,83+2,./game/claudio-bravo.png,Rare,300,12000
246863,https://sofifa.com/player/246863/felix-nmecha/200002,F. Nmecha,Felix Kalu Nmecha,18,England,"CAM, CM",62,75,54,61,62,45,55,49,63,59,73,77,57,62,53,58,57,66,65,47,44,39,6,10,12,13,8,,Right,3,4,High/Medium,"Playmaker (AI), Technical Dribbler (AI)",58+2,58+2,58+2,61,60,60,60,61,61+2,61+2,61+2,61+2,58+2,58+2,58+2,61+2,54+2,52+2,52+2,52+2,54+2,52+2,50+2,50+2,50+2,52+2,15+2,./game/felix-nmecha.png,Basic,50,2000
243239,https://sofifa.com/player/243239/lorenzo-gonzalez/200002,L. González,Lorenzo José González Montesdeoca,19,Switzerland,ST,61,82,60,53,61,29,62,62,54,56,87,77,54,66,61,64,56,50,52,22,25,19,6,6,15,10,11,,Right,3,3,Medium/Medium,,60+2,60+2,60+2,61,59,59,59,61,58+2,58+2,58+2,60+2,52+2,52+2,52+2,60+2,48+2,44+2,44+2,44+2,48+2,46+2,41+2,41+2,41+2,46+2,14+2,./game/lorenzo-gonzalez.png,Basic,100,1000
241632,https://sofifa.com/player/241632/benjamin-garre/200002,B. Garré,Benjamín Antonio Garré,18,Argentina,LW,60,73,55,53,66,32,46,58,51,61,75,71,50,59,60,44,55,53,48,29,33,29,10,8,8,8,12,,Left,3,4,Medium/Medium,"Flair, Outside Foot Shot, Technical Dribbler (AI)",57+2,57+2,57+2,60,58,58,58,60,57+2,57+2,57+2,59+2,51+2,51+2,51+2,59+2,48+2,42+2,42+2,42+2,48+2,46+2,38+2,38+2,38+2,46+2,14+2,./game/benjamin-garre.png,Basic,100,2000
243585,https://sofifa.com/player/243585/gavin-bazunu/200002,G. Bazunu,Gavin Okeroghene Bazunu,17,Republic of Ireland,GK,59,,,,,,,5,15,16,29,25,44,42,16,50,8,42,38,16,12,11,60,59,56,59,60,27,Right,2,1,Medium/Medium,,19+2,19+2,19+2,18,19,19,19,18,21+2,21+2,21+2,18+2,20+2,20+2,20+2,18+2,17+2,19+2,19+2,19+2,17+2,17+2,20+2,20+2,20+2,17+2,58+2,./game/gavin-bazunu.png,Basic,100,0
240473,https://sofifa.com/player/240473/tyreke-wilson/200002,T. Wilson,Tyreke Wilson,19,Republic of Ireland,LB,56,66,32,45,55,52,49,28,50,50,67,66,50,36,62,41,45,42,41,53,55,57,7,7,13,15,6,,Left,2,2,Medium/Medium,,44+2,44+2,44+2,50,47,47,47,50,48+2,48+2,48+2,51+2,46+2,46+2,46+2,51+2,55+2,49+2,49+2,49+2,55+2,55+2,51+2,51+2,51+2,55+2,14+2,./game/tyreke-wilson.png,Basic,50,0
224947,https://sofifa.com/player/224947/daniel-grimshaw/200002,D. Grimshaw,Daniel James Grimshaw,21,England,GK,55,,,,,,,12,31,26,44,47,53,42,42,42,15,16,37,11,21,17,56,54,56,51,57,46,Right,2,1,Medium/Medium,,27+2,27+2,27+2,26,27,27,27,26,27+2,27+2,27+2,29+2,29+2,29+2,29+2,29+2,28+2,28+2,28+2,28+2,28+2,27+2,25+2,25+2,25+2,27+2,54+2,./game/daniel-grimshaw.png,Basic,50,1000
139720,https://sofifa.com/player/139720/vincent-kompany/170002,V. Kompany,Vincent Jean Mpoy Kompany,30,Belgium,CB,86,69,54,62,65,86,81,45,65,68,68,69,84,76,68,88,41,59,85,86,90,87,10,9,5,8,6,,Right,3,2,Medium/Medium,"Injury Prone, Dives Into Tackles (AI), Leadership",64+3,64+3,64+3,62+2,62+2,62+2,62+2,62+2,62+3,62+3,62+3,63+3,66+3,66+3,66+3,63+3,74+3,76+3,76+3,76+3,74+3,77+3,83+3,83+3,83+3,77+3,16+3,./game/vincent-kompany.png,Rare,300,11000
183427,https://sofifa.com/player/183427/fabian-delph/190002,F. Delph,Fabian Delph,28,England,"LB, CM",80,73,70,76,80,77,74,64,82,82,75,72,81,82,87,65,72,73,76,77,81,79,10,9,14,11,6,,Left,3,3,High/High,"Injury Prone, Long Shot Taker (AI)",73+1,73+1,73+1,76,76,76,76,76,77+1,77+1,77+1,77+1,79+1,79+1,79+1,77+1,79+1,80,80,80,79+1,79+1,76+1,76+1,76+1,79+1,17+1,./game/fabian-delph.png,Uncommon,250,7000
199304,https://sofifa.com/player/199304/danilo-luiz-da-silva/190002,Danilo,Danilo Luiz da Silva,26,Brazil,"RB, LB",79,75,70,73,74,77,77,61,77,79,73,76,79,85,82,76,75,64,69,78,77,78,14,5,15,14,5,,Right,4,3,High/Medium,"Long Shot Taker (AI), Speed Dribbler (AI)",73+1,73+1,73+1,73,74,74,74,73,73+1,73+1,73+1,74+1,74+1,74+1,74+1,74+1,78+1,77+1,77+1,77+1,78+1,78+1,77+1,77+1,77+1,78+1,17+1,./game/danilo-luiz-da-silva.png,Common,150,2000
190531,https://sofifa.com/player/190531/eliaquim-mangala/160002,E. Mangala,Eliaquim Mangala,24,France,CB,80,77,41,56,61,79,85,27,61,66,70,83,76,72,77,86,39,47,,79,79,84,10,13,6,10,14,,Left,4,2,Medium/High,"Dives Into Tackles (AI), Power Header",58,58,58,57,56,56,56,57,56,56,56,60,60,60,60,60,72,72,72,72,72,75,80,80,80,75,19,./game/eliaquim-mangala.png,Uncommon,200,6000
220182,https://sofifa.com/player/220182/jason-denayer/190002,J. Denayer,Jason Grégory Marianne Denayer,23,Belgium,"CB, CDM, RB",74,69,42,60,67,75,69,42,71,69,68,70,64,51,65,72,36,49,71,73,77,75,7,10,15,15,15,,Right,3,2,Medium/High,,57+1,57+1,57+1,60,57,57,57,60,59+1,59+1,59+1,62+1,61+1,61+1,61+1,62+1,70+1,69+1,69+1,69+1,70+1,71+1,73+1,73+1,73+1,71+1,18+1,./game/jason-denayer.png,Basic,100,1000
236499,https://sofifa.com/player/236499/douglas-luiz-soares-de-paulo/190002,Douglas Luiz,Douglas Luiz Soares de Paulo,20,Brazil,"CM, CDM",73,65,67,71,72,69,67,64,73,73,65,65,80,76,71,62,52,72,70,65,75,68,12,6,13,10,7,,Right,2,3,Medium/Medium,"Finesse Shot, Long Shot Taker (AI)",67+1,67+1,67+1,69,69,69,69,69,70+1,70+1,70+1,69+1,72+1,72+1,72+1,69+1,70+1,72+1,72+1,72+1,70+1,70+1,69+1,69+1,69+1,70+1,17+1,./game/douglas-luiz-soares-de-paulo.png,Basic,100,1000
231410,https://sofifa.com/player/231410/brahim-diaz/190002,Brahim,Brahim Abdelkader Díaz,18,Spain,"LW, RW, CAM",69,74,65,61,76,29,45,66,71,74,78,71,61,70,58,38,65,63,62,43,23,21,13,9,13,10,6,,Right,4,3,High/Medium,"Finesse Shot, Flair, Playmaker (AI), Technical Dribbler (AI)",63+1,63+1,63+1,69,68,68,68,69,69+1,69+1,69+1,67+1,61+1,61+1,61+1,67+1,50+1,47+1,47+1,47+1,50+1,46+1,37+1,37+1,37+1,46+1,15+1,./game/brahim-diaz.png,Basic,100,0
229495,https://sofifa.com/player/229495/chidiebere-nwakali/190002,C. Nwakali,Chidiebere Chijioke Nwakali,21,Nigeria,"CM, ST",64,75,60,60,65,61,69,57,63,63,77,73,64,69,76,67,59,63,59,59,65,64,7,14,9,14,12,,Right,3,3,High/High,"Long Shot Taker (AI), Backs Into Player",62+1,62+1,62+1,63,63,63,63,63,63+1,63+1,63+1,64+1,63+1,63+1,63+1,64+1,64+1,64+1,64+1,64+1,64+1,64+1,63+1,63+1,63+1,64+1,17+1,./game/chidiebere-nwakali.png,Basic,50,0
223963,https://sofifa.com/player/223963/cameron-humphreys-grant/190002,C. Humphreys-Grant,Cameron Lisceous Humphreys-Grant,19,England,CB,62,66,32,48,50,60,67,24,55,50,65,66,56,44,65,71,50,39,46,61,65,58,7,14,16,12,6,,Right,2,2,Medium/Medium,,48+1,48+1,48+1,48,47,47,47,48,48+1,48+1,48+1,51+1,50+1,50+1,50+1,51+1,57+1,57+1,57+1,57+1,57+1,58+1,61+1,61+1,61+1,58+1,15+1,./game/cameron-humphreys-grant.png,Basic,100,1000
20289,https://sofifa.com/player/20289/yaya-toure/150002,Y. Touré,Gnégnéri Yaya Touré,31,Côte d'Ivoire,"CM, CDM",86,76,82,81,79,80,90,82,86,83,73,78,85,86,93,92,81,85,,74,83,81,13,14,6,12,8,,Right,4,3,Medium/Medium,"Injury Free, Leadership, Long Shot Taker (AI), Playmaker (AI)",82+2,82+2,82+2,79+2,83+2,83+2,83+2,79+2,83+2,83+2,83+2,80+2,84+2,84+2,84+2,80+2,81+2,84+2,84+2,84+2,81+2,81+2,82+2,82+2,82+2,81+2,16+2,./game/yaya-toure.png,Rare,350,14000
211593,https://sofifa.com/player/211593/shay-facey/180002,S. Facey,Shay Facey,22,England,"CB, RB",64,70,28,50,59,63,64,28,62,59,67,72,64,26,63,61,48,42,57,62,64,63,8,10,9,13,11,,Right,2,2,Medium/Medium,,48+1,48+1,48+1,53,51,51,51,53,53+1,53+1,53+1,55+1,54+1,54+1,54+1,55+1,61+1,61+1,61+1,61+1,61+1,62+1,63+1,63+1,63+1,62+1,16+1,./game/shay-facey.png,Basic,50,0
216321,https://sofifa.com/player/216321/sinan-bytyqi/180002,S. Bytyqi,Sinan Bytyqi,22,Kosovo,"CAM, RW, LW",64,65,57,61,67,37,60,56,66,67,64,66,60,63,53,64,54,63,60,33,44,38,9,13,13,15,13,,Right,3,3,High/High,Takes Finesse Free Kicks,60+1,60+1,60+1,62,62,62,62,62,63+1,63+1,63+1,62+1,59+1,59+1,59+1,62+1,51+1,51+1,51+1,51+1,51+1,49+1,47+1,47+1,47+1,49+1,18+1,./game/sinan-bytyqi.png,Basic,50,0
233164,https://sofifa.com/player/233164/arijanet-muric/180002,A. Murić,Arijanet Anan Murić,18,Switzerland,GK,63,,,,,,,12,32,22,44,46,59,21,29,68,11,40,33,10,12,13,63,61,60,62,65,45,Right,2,1,Medium/Medium,,25+1,25+1,25+1,26,26,26,26,26,29+1,29+1,29+1,28+1,29+1,29+1,29+1,28+1,25+1,27+1,27+1,27+1,25+1,24+1,25+1,25+1,25+1,24+1,62+1,./game/arijanet-muric.png,Basic,50,1000
229670,https://sofifa.com/player/229670/david-faupala/180002,D. Faupala,David Faupala,20,France,ST,62,70,64,47,59,22,54,66,54,55,70,70,60,70,51,62,52,56,52,19,15,17,10,13,14,9,13,,Right,3,2,Medium/Medium,,61+1,61+1,61+1,58,59,59,59,58,57+1,57+1,57+1,55+1,49+1,49+1,49+1,55+1,40+1,37+1,37+1,37+1,40+1,38+1,36+1,36+1,36+1,38+1,17+1,./game/david-faupala.png,Basic,50,1000
229718,https://sofifa.com/player/229718/will-patching/170002,W. Patching,William Luke Patching,17,England,CM,60,69,52,62,63,40,44,47,67,65,70,69,53,68,55,38,42,62,53,37,40,39,6,7,12,5,10,,Right,3,3,High/Medium,Takes Finesse Free Kicks,54+1,54+1,54+1,59,58,58,58,59,60+1,60+1,60+1,59+1,59+1,59+1,59+1,59+1,52+1,52+1,52+1,52+1,52+1,50+1,44+1,44+1,44+1,50+1,12+1,./game/will-patching.png,Basic,100,2000
224951,https://sofifa.com/player/224951/marcus-wood/180002,M. Wood,Marcus Wood,19,England,LB,56,61,45,49,53,55,68,47,57,53,63,59,51,51,69,69,28,49,46,55,56,53,8,8,15,14,8,,Right,3,2,Medium/High,,49+1,49+1,49+1,49,49,49,49,49,50+1,50+1,50+1,51+1,52+1,52+1,52+1,51+1,55+1,56+1,56+1,56+1,55+1,55+1,57+1,57+1,57+1,55+1,14+1,./game/marcus-wood.png,Basic,100,1000
231032,https://sofifa.com/player/231032/erik-sarmiento-martinez/180002,Erik Sarmiento,Erik Sarmiento Martínez,18,Spain,"LB, CM",53,70,39,51,55,46,54,33,54,55,72,68,44,51,59,52,56,48,44,44,47,52,14,15,13,12,10,,Left,3,2,High/Medium,,50+1,50+1,50+1,53,52,52,52,53,52+1,52+1,52+1,54+1,51+1,51+1,51+1,54+1,53+1,49+1,49+1,49+1,53+1,52+1,49+1,49+1,49+1,52+1,16+1,./game/erik-sarmiento-martinez.png,Basic,50,2000
199561,https://sofifa.com/player/199561/manuel-agudo-duran/170002,Nolito,Manuel Agudo Durán,29,Spain,LW,83,77,79,79,84,39,67,82,80,83,79,76,84,74,74,62,82,81,82,30,39,25,10,15,12,8,8,,Right,3,4,High/Low,"Selfish, Finesse Shot, Technical Dribbler (AI)",76+2,76+2,76+2,82+1,81+1,81+1,81+1,82+1,81+2,81+2,81+2,81+2,76+2,76+2,76+2,81+2,65+2,63+2,63+2,63+2,65+2,60+2,52+2,52+2,52+2,60+2,18+2,./game/manuel-agudo-duran.png,Uncommon,250,6000
142784,https://sofifa.com/player/142784/pablo-zabaleta/170002,P. Zabaleta,Pablo Javier Zabaleta Girod,31,Argentina,RB,82,68,56,70,74,85,83,49,72,76,67,68,86,66,85,79,71,66,70,86,85,84,10,14,15,7,5,,Right,3,3,High/High,"Dives Into Tackles (AI), Team Player",68+2,68+2,68+2,70+1,70+1,70+1,70+1,70+1,70+2,70+2,70+2,72+2,73+2,73+2,73+2,72+2,80+2,80+2,80+2,80+2,80+2,80+2,83-1,83-1,83-1,80+2,18+2,./game/pablo-zabaleta.png,Uncommon,250,5000
163419,https://sofifa.com/player/163419/bacary-sagna/170002,B. Sagna,Bacary Sagna,33,France,RB,82,75,53,66,74,83,80,40,66,75,75,75,80,69,84,79,66,59,84,84,84,84,11,9,7,9,9,,Right,4,3,High/Medium,Early Crosser,67+2,67+2,67+2,69+1,67+1,67+1,67+1,69+1,67+2,67+2,67+2,71+2,70+2,70+2,70+2,71+2,79+2,76+2,76+2,76+2,79+2,80+2,80+2,80+2,80+2,80+2,17+2,./game/bacary-sagna.png,Uncommon,250,8000
146536,https://sofifa.com/player/146536/jesus-navas-gonzalez/150002,Jesús Navas,Jesús Navas González,28,Spain,RM,83,91,71,78,84,29,53,67,80,83,92,90,82,78,79,34,78,79,,27,20,26,10,10,15,7,13,,Right,3,4,Medium/Medium,Speed Dribbler (AI),74+1,74+1,74+1,83,78+1,78+1,78+1,83,80+1,80+1,80+1,82+1,72+1,72+1,72+1,82+1,60+1,59+1,59+1,59+1,60+1,53+1,43+1,43+1,43+1,53+1,15+1,./game/jesus-navas-gonzalez.png,Uncommon,200,7000
152554,https://sofifa.com/player/152554/gael-clichy/170002,G. Clichy,Gaël Dimitri Clichy,30,France,LB,80,83,43,65,73,79,68,34,64,76,80,85,72,52,82,66,66,59,73,80,81,85,10,11,9,11,6,,Left,4,2,Medium/Medium,,62+2,62+2,62+2,68+1,65+1,65+1,65+1,68+1,65+2,65+2,65+2,70+2,68+2,68+2,68+2,70+2,78+2,73+2,73+2,73+2,78+2,78+2,75+2,75+2,75+2,78+2,16+2,./game/gael-clichy.png,Uncommon,200,9000
184134,https://sofifa.com/player/184134/fernando-reges/170002,Fernando,Fernando Francisco Reges,28,Brazil,"CDM, CM",79,67,61,68,67,79,83,54,75,72,66,68,79,76,84,81,59,62,76,78,80,82,1,1,1,1,1,,Right,2,2,Medium/High,Dives Into Tackles (AI),67+1,67+1,67+1,66,67,67,67,66,67+1,67+1,67+1,67+1,72+1,72+1,72+1,67+1,75+1,78+1,78+1,78+1,75+1,76+1,79,79,79,76+1,10+1,./game/fernando-reges.png,Common,100,4000
185103,https://sofifa.com/player/185103/aleksandar-kolarov/170002,A. Kolarov,Aleksandar Kolarov,30,Serbia,LB,79,67,69,78,74,79,79,55,70,74,69,66,79,91,77,78,69,76,85,75,83,82,16,15,8,16,6,,Left,3,2,High/Medium,"Dives Into Tackles (AI), Early Crosser, Long Shot Taker (AI)",72+1,72+1,72+1,73,73,73,73,73,72+1,72+1,72+1,74+1,75+1,75+1,75+1,74+1,78+1,77+1,77+1,77+1,78+1,78+1,78+1,78+1,78+1,78+1,20+1,./game/aleksandar-kolarov.png,Common,100,2000
139062,https://sofifa.com/player/139062/willy-caballero/150002,W. Caballero,Wilfredo Daniel Caballero,32,Argentina,GK,79,,,,,,,25,32,29,52,54,74,22,44,76,25,25,,25,25,25,79,71,68,84,86,53,Right,3,1,Medium/Medium,,34,34,34,34,33,33,33,34,33,33,33,36,34,34,34,36,33,38,38,38,33,33,36,36,36,33,79,./game/willy-caballero.png,Common,150,2000
225719,https://sofifa.com/player/225719/kelechi-iheanacho/170002,K. Iheanacho,Kelechi Promise Iheanacho,19,Nigeria,ST,74,87,73,61,74,22,67,77,67,74,89,85,70,74,65,74,75,65,73,15,22,12,8,7,7,11,15,,Left,3,3,High/Medium,"Avoids Using Weaker Foot, Beat Offside Trap, Finesse Shot, Flair",73+1,73+1,73+1,72,73,73,73,72,72+1,72+1,72+1,70+1,63+1,63+1,63+1,70+1,48+1,47+1,47+1,47+1,48+1,45+1,40+1,40+1,40+1,45+1,17+1,./game/kelechi-iheanacho.png,Basic,50,1000
221350,https://sofifa.com/player/221350/thierry-ambrose/170002,T. Ambrose,Thierry Ambrose,19,France,"ST, RW",66,86,63,49,68,25,54,68,53,67,87,86,55,67,58,57,66,61,54,20,21,29,9,11,16,11,7,,Right,2,2,High/Low,,65+1,65+1,65+1,65,65,65,65,65,63+1,63+1,63+1,62+1,53+1,53+1,53+1,62+1,46+1,40+1,40+1,40+1,46+1,45+1,38+1,38+1,38+1,45+1,15+1,./game/thierry-ambrose.png,Basic,50,1000
221342,https://sofifa.com/player/221342/pablo-maffeo-becerra/170002,Pablo Maffeo,Pablo Carmine Maffeo Becerra,18,Spain,"RB, CB",65,74,27,54,58,64,57,28,59,62,75,73,59,24,65,56,44,48,31,67,64,68,10,7,14,12,15,,Right,3,2,Medium/Medium,,47+1,47+1,47+1,54,51,51,51,54,52+1,52+1,52+1,57+1,54+1,54+1,54+1,57+1,64+1,59+1,59+1,59+1,64+1,64+1,61+1,61+1,61+1,64+1,16+1,./game/pablo-maffeo-becerra.png,Basic,50,1000
216325,https://sofifa.com/player/216325/angus-gunn/170002,A. Gunn,Angus Gunn,20,England,GK,65,,,,,,,15,32,27,48,49,62,24,31,64,14,35,33,14,16,14,64,66,66,64,63,49,Right,3,1,Medium/Medium,,27+1,27+1,27+1,29,29,29,29,29,30+1,30+1,30+1,30+1,31+1,31+1,31+1,30+1,27+1,30+1,30+1,30+1,27+1,27+1,27+1,27+1,27+1,27+1,64+1,./game/angus-gunn.png,Basic,100,1000
209750,https://sofifa.com/player/209750/ian-lawlor/170002,I. Lawlor,Ian John Lawlor,21,Republic of Ireland,GK,61,,,,,,,13,33,34,43,46,51,22,28,72,14,35,42,19,11,16,61,64,59,60,60,45,Right,3,1,Medium/Medium,,27+1,27+1,27+1,29,28,28,28,29,30+1,30+1,30+1,29+1,28+1,28+1,28+1,29+1,26+1,28+1,28+1,28+1,26+1,25+1,28+1,28+1,28+1,25+1,60+1,./game/ian-lawlor.png,Basic,100,1000
223977,https://sofifa.com/player/223977/aaron-nemane/170002,A. Nemane,Aaron Evans Nemane,18,France,"RM, CF",60,84,50,47,64,17,42,54,47,58,85,83,53,50,56,34,56,55,47,14,19,12,14,14,14,15,6,,Right,2,3,High/Medium,,54+1,54+1,54+1,60,58,58,58,60,57+1,57+1,57+1,59+1,48+1,48+1,48+1,59+1,42+1,35+1,35+1,35+1,42+1,39+1,28+1,28+1,28+1,39+1,17+1,./game/aaron-nemane.png,Basic,100,1000
150724,https://sofifa.com/player/150724/joe-hart/160002,J. Hart,Charles Joseph John Hart,28,England,GK,84,,,,,,,14,32,20,59,60,81,65,28,61,14,42,,14,14,13,85,79,76,84,87,60,Right,3,1,Medium/Medium,"Injury Free, Leadership, Puncher",33+1,33+1,33+1,31+1,33+1,33+1,33+1,31+1,32+1,32+1,32+1,32+1,32+1,32+1,32+1,32+1,29+1,30+1,30+1,30+1,29+1,29+1,28+1,28+1,28+1,29+1,83+1,./game/joe-hart.png,Rare,350,11000
165239,https://sofifa.com/player/165239/samir-nasri/150002,S. Nasri,Samir Nasri,27,France,"LM, RM",84,79,76,84,86,39,60,76,86,88,79,79,83,75,72,64,81,85,,35,37,44,5,9,13,15,8,,Right,4,4,High/Medium,"Flair, Technical Dribbler (AI)",77+1,77+1,77+1,83+1,80+1,80+1,80+1,83+1,83+1,83+1,83+1,83+1,77+1,77+1,77+1,83+1,65+1,64+1,64+1,64+1,65+1,57+1,50+1,50+1,50+1,57+1,14+1,./game/samir-nasri.png,Rare,300,14000
189963,https://sofifa.com/player/189963/wilfried-bony/160002,W. Bony,Wilfried Guemiand Bony,26,Côte d'Ivoire,ST,81,72,83,59,74,39,85,83,68,76,69,75,81,89,78,94,85,65,,25,42,28,10,8,5,7,11,,Right,4,3,Medium/Low,"Injury Free, Long Shot Taker (AI), Power Header",81,81,81,73,77,77,77,73,73,73,73,70,67,67,67,70,56,56,56,56,56,54,56,56,56,54,17,./game/wilfried-bony.png,Uncommon,250,7000
134979,https://sofifa.com/player/134979/martin-demichelis/160002,M. Demichelis,Martín Gastón Demichelis,34,Argentina,CB,81,34,40,53,49,83,76,39,64,59,33,34,76,48,49,86,29,40,,83,82,76,7,11,12,7,6,,Right,3,2,Low/Medium,"Dives Into Tackles (AI), Power Header",51+1,51+1,51+1,47+1,48+1,48+1,48+1,47+1,49+1,49+1,49+1,49+1,57+1,57+1,57+1,49+1,65+1,72+1,72+1,72+1,65+1,67+1,80+1,80+1,80+1,67+1,15+1,./game/martin-demichelis.png,Uncommon,200,7000
203864,https://sofifa.com/player/203864/bruno-zuculini/160002,B. Zuculini,Bruno Zuculini,22,Argentina,"CM, RM",74,80,70,67,73,74,68,69,77,72,82,78,72,75,79,60,77,72,,72,75,74,12,9,12,9,13,,Right,3,2,Medium/Medium,,73,73,73,72,74,74,74,72,74,74,74,73,74,74,74,73,73,73,73,73,73,73,73,73,73,73,18,./game/bruno-zuculini.png,Basic,100,0
220185,https://sofifa.com/player/220185/brandon-barker/160002,B. Barker,Brandon Lee Colin Barker,18,England,LM,64,87,61,57,67,31,53,63,61,64,89,86,49,65,51,57,64,56,,34,29,31,11,6,8,9,7,,Right,4,2,High/Medium,Speed Dribbler (AI),61,61,61,65,64,64,64,65,63,63,63,64,55,55,55,64,50,45,45,45,50,47,40,40,40,47,13,./game/brandon-barker.png,Basic,100,2000
50660,https://sofifa.com/player/50660/richard-wright/160002,R. Wright,Richard Wright,37,England,GK,63,,,,,,,13,36,28,33,30,66,33,28,67,11,37,,12,12,12,68,62,66,58,62,31,Left,2,1,Medium/Medium,Injury Prone,26,26,26,26,27,27,27,26,29,29,29,26,29,29,29,26,25,29,29,29,25,24,28,28,28,24,63,./game/richard-wright.png,Basic,100,1000
223978,https://sofifa.com/player/223978/manuel-garcia-alonso/160002,Manu García,Manuel García Alonso,17,Spain,CAM,61,69,55,57,66,31,36,54,65,66,70,68,53,60,52,32,55,61,,23,38,33,15,14,12,12,12,,Right,3,3,High/Medium,Playmaker (AI),55,55,55,60,60,60,60,60,61,61,61,59,57,57,57,59,48,46,46,46,48,45,36,36,36,45,18,./game/manuel-garcia-alonso.png,Basic,100,2000
211595,https://sofifa.com/player/211595/george-evans/160002,G. Evans,George Evans,20,England,"CM, CDM, CB",61,62,50,60,58,54,60,41,66,64,66,59,54,66,66,58,53,68,,51,60,54,10,9,15,13,14,,Right,2,2,Medium/Medium,Long Passer (AI),55,55,55,56,58,58,58,56,60,60,60,58,61,61,61,58,56,59,59,59,56,56,56,56,56,56,16,./game/george-evans.png,Basic,50,1000
180930,https://sofifa.com/player/180930/edin-dzeko/150002,E. Džeko,Edin Džeko,28,Bosnia and Herzegovina,ST,83,71,84,68,78,36,71,84,72,82,69,72,81,88,72,80,85,75,,25,28,25,9,11,13,15,15,,Right,4,3,Medium/Medium,Power Header,82+1,82+1,82+1,75+1,81+1,81+1,81+1,75+1,78+1,78+1,78+1,74+1,70+1,70+1,70+1,74+1,57+1,60+1,60+1,60+1,57+1,54+1,50+1,50+1,50+1,54+1,17+1,./game/edin-dzeko.png,Uncommon,200,5000
181820,https://sofifa.com/player/181820/stevan-jovetic/150002,S. Jovetić,Stevan Jovetić,24,Montenegro,"ST, CF",81,78,82,78,83,38,70,83,82,82,77,79,83,83,75,74,83,80,,27,42,34,9,7,5,9,10,,Right,4,4,High/Medium,"Diver, Injury Prone, Flair, Long Shot Taker (AI), Technical Dribbler (AI)",81,81,81,80,82,82,82,80,82,82,82,80,74,74,74,80,61,62,62,62,61,56,52,52,52,56,13,./game/stevan-jovetic.png,Uncommon,250,5000
5471,https://sofifa.com/player/5471/frank-lampard/150002,F. Lampard,Frank Lampard,36,England,"CM, CDM",79,41,84,82,76,62,71,82,84,82,34,46,80,85,61,74,83,77,,52,65,65,12,14,15,10,8,,Right,4,3,Medium/Medium,"Power Free-Kick, Long Passer (AI), Long Shot Taker (AI), Team Player",77+1,77+1,77+1,75+1,78+1,78+1,78+1,75+1,79,79,79,75+1,78+1,78+1,78+1,75+1,70+1,73+1,73+1,73+1,70+1,68+1,68+1,68+1,68+1,68+1,15+1,./game/frank-lampard.png,Common,100,3000
138412,https://sofifa.com/player/138412/james-milner/150002,J. Milner,James Philip Milner,28,England,"RM, CM",78,68,75,81,75,68,74,67,83,74,71,65,83,86,90,68,73,75,,66,67,69,8,5,11,9,5,,Right,4,3,High/High,"Power Free-Kick, Injury Free, Long Shot Taker (AI)",74,74,74,77,76,76,76,77,77,77,77,78,78,78,78,78,75,75,75,75,75,74,70,70,70,74,12,./game/james-milner.png,Common,100,4000
205362,https://sofifa.com/player/205362/matija-nastasic/150002,M. Nastasić,Matija Nastasić,21,Serbia,CB,77,74,30,53,48,80,75,26,68,66,71,76,73,43,72,78,32,39,,80,82,78,10,15,10,14,12,,Left,3,2,Medium/High,Injury Prone,48,48,48,50,47,47,47,50,49,49,49,55,57,57,57,55,68,70,70,70,68,74,77,77,77,74,16,./game/matija-nastasic.png,Common,150,4000
169214,https://sofifa.com/player/169214/scott-sinclair/150002,S. Sinclair,Scott Sinclair,25,England,"LM, LW",72,88,67,64,80,32,60,69,64,76,89,88,61,72,82,56,74,65,,25,29,27,12,10,9,12,14,,Right,3,4,High/Medium,"Avoids Using Weaker Foot, Speed Dribbler (AI)",69,69,69,74,70,70,70,74,71,71,71,72,62,62,62,72,57,53,53,53,57,50,42,42,42,50,15,./game/scott-sinclair.png,Basic,100,1000
197837,https://sofifa.com/player/197837/dedryck-boyata/150002,D. Boyata,Anga Dedryck Boyata,23,Belgium,"RB, CB",67,67,33,52,44,70,75,25,62,62,68,67,68,57,68,78,40,43,,68,73,70,10,7,12,12,7,,Right,3,2,Medium/Medium,Dives Into Tackles (AI),48,48,48,49,48,48,48,49,48,48,48,53,55,55,55,53,62,65,65,65,62,67,71,71,71,67,13,./game/dedryck-boyata.png,Basic,100,2000
216322,https://sofifa.com/player/216322/jordi-hiwula/150002,J. Hiwula,Jordie Hiwula-Mayifuila,19,England,ST,59,75,60,47,60,26,54,65,54,61,73,76,57,57,62,58,48,52,,25,23,23,8,13,14,6,14,,Right,3,2,Medium/Medium,,59,59,59,56,59,59,59,56,57,57,57,54,49,49,49,54,43,43,43,43,43,39,37,37,37,39,13,./game/jordi-hiwula.png,Basic,100,0
216320,https://sofifa.com/player/216320/seko-fofana/150002,S. Fofana,Seko Fofana,19,France,CM,58,72,58,55,59,56,66,59,64,60,68,76,59,63,66,69,53,50,,54,58,55,8,7,8,10,9,,Right,3,3,High/High,Long Shot Taker (AI),59,59,59,58,59,59,59,58,58,58,58,59,58,58,58,59,59,59,59,59,59,58,58,58,58,58,12,./game/seko-fofana.png,Basic,100,1000
218746,https://sofifa.com/player/218746/jose-angel-pozo-la-rosa/150002,José Pozo,José Ángel Pozo la Rosa,18,Spain,"LW, LM, CF",57,68,55,52,62,28,39,61,60,65,69,67,50,49,53,32,58,53,,25,25,25,7,6,7,7,6,,Right,3,3,Medium/Medium,"Injury Prone, Flair",56,56,56,57,57,57,57,57,58,58,58,56,51,51,51,56,44,43,43,43,44,40,36,36,36,40,9,./game/jose-angel-pozo-la-rosa.png,Basic,100,2000
208594,https://sofifa.com/player/208594/mathias-bossaerts/150002,M. Bossaerts,Mathias Bossaerts,17,Belgium,"CB, RB",56,62,30,43,51,54,63,21,52,58,58,65,51,55,59,65,23,37,,54,57,53,10,14,10,6,10,,Right,3,2,Medium/Medium,,42,42,42,45,43,43,43,45,43,43,43,48,46,46,46,48,52,53,53,53,52,54,56,56,56,54,12,./game/mathias-bossaerts.png,Basic,100,1000
221329,https://sofifa.com/player/221329/ashley-smith-brown/150002,A. Smith-Brown,Ashley Jordan Smith-Brown,18,England,"RB, RWB, RM",55,78,36,42,57,54,58,35,39,48,79,78,58,34,59,58,55,41,,49,55,53,14,6,8,9,15,,Right,2,2,High/Medium,,49,49,49,55,49,49,49,55,48,48,48,54,48,48,48,54,55,50,50,50,55,55,54,54,54,55,14,./game/ashley-smith-brown.png,Basic,100,1000
